No.,Brand,Series,Weight(kg),Width(cm),Depth(cm),Height(cm),Screen Size(inch),Display,Resolution,OS,CPU,GPU,RAM(GB),Processor Speed(GHz),Storage(GB),StorageType,Price(Baht)
1,Apple,MacBook Pro 16 Space Grey-32C GPU/32GB/2TB,2.2,35.57,24.81,1.68,16.2,IPS,3456x2234,macOS,Apple M1 Max,Apple M1 Max 32-Core GPU,32,4,2000,SSD,138900
2,Apple,MacBook Pro 16 Space Grey-32C GPU/32GB/1TB,2.2,35.57,24.81,1.68,16.2,IPS,3456x2234,macOS,Apple M1 Max,Apple M1 Max 32-Core GPU,32,4,1000,SSD,124900
3,Apple,MacBook Pro 16 Space Grey-16C GPU/16GB/1TB,2.1,35.57,24.81,1.68,16.2,IPS,3456x2234,macOS,Apple M1 Pro 10-Core,Apple M1 Pro 16-Core GPU,16,3.4,1000,SSD,96900
4,Apple,MacBook Pro 16 Space Grey-16C GPU/16GB/512GB,2.1,35.57,24.81,1.68,16.2,IPS,3456x2234,macOS,Apple M1 Pro 10-Core,Apple M1 Pro 16-Core GPU,16,3.4,512,SSD,89900
5,Apple,MacBook Pro 14 Silver-16C GPU/16GB/2TB,1.6,31.26,22.12,1.55,14.2,IPS,3024x1964,macOS,Apple M1 Pro 10-Core,Apple M1 Pro 16-Core GPU,16,3.4,2000,SSD,103900
6,Apple,MacBook Pro 14 Silver-16C GPU/16GB/1TB,1.6,31.26,22.12,1.55,14.2,IPS,3024x1964,macOS,Apple M1 Pro 10-Core,Apple M1 Pro 16-Core GPU,16,3.4,1000,SSD,89900
7,Apple,MacBook Pro 14 Space Grey-14C GPU/16GB/512GB,1.6,31.26,22.12,1.55,14.2,IPS,3024x1964,macOS,Apple M1 Pro 8-Core,Apple M1 Pro 14-Core GPU,16,3.4,512,SSD,73900
8,Apple,"Macbook Air 13"" Silver Key-Eng-8C GPU/8GB/1TB",1.29,30.41,21.24,1.61,13.3,IPS,2560x1600,macOS,Apple M1,Apple M1 8-Core GPU,8,3.2,1000,SSD,48400
9,Apple,"Macbook Air 13"" Silver Key-Eng-8C GPU/8GB/512GB",1.29,30.41,21.24,1.61,13.3,IPS,2560x1600,macOS,Apple M1,Apple M1 8-Core GPU,8,3.2,512,SSD,41400
10,Apple,"Macbook Air 13"" Silver Key-Eng-7C GPU/8GB/512GB",1.29,30.41,21.24,1.61,13.3,IPS,2560x1600,macOS,Apple M1,Apple M1 7-Core GPU,8,3.2,512,SSD,39900
11,Apple,"Macbook Air 13"" Silver Key-Eng-7C GPU/8GB/256GB",1.29,30.41,21.24,1.61,13.3,IPS,2560x1600,macOS,Apple M1,Apple M1 7-Core GPU,8,3.2,256,SSD,32900
12,Acer,Aspire Vero AV15-51-518U,1.8,36.34,23.6,1.79,15.6,IPS,1920x1080,Windows 11 Home,Intel Core i5,Intel Iris Xe Graphics,8,4.5,512,SSD,21990
13,Acer,Aspire 7 A715-42G-R113,2.15,36.3,25.4,2.29,15.6,IPS,1920x1080,Windows 10 Home,AMD Ryzen 7,NVIDIA GeForce GTX 1650,8,4.3,512,SSD,27990
14,Acer,Aspire 7 A715-42G-R7RS,2.15,36.3,25.4,2.29,15.6,IPS,1920x1080,Windows 10 Home,AMD Ryzen 5,NVIDIA GeForce GTX 1650,8,4,512,SSD,25990
15,Acer,Aspire 5 A515-45-R3VH,1.76,36.3,25.05,1.79,15.6,IPS,1920x1080,Windows 11 Home,AMD Ryzen 7,AMD Radeon Graphics,8,4.3,512,SSD,23990
16,Acer,Aspire 3 A315-57G-50TZ,1.9,36.8,23.6,1.99,15.6,TN,1920x1080,Windows 10 Home,Intel Core i5,NVIDIA GeForce MX330,8,3.6,512,SSD,18990
17,Acer,Aspire 3 A315-23-R144,1.9,36.8,25.6,1.79,15.6,IPS,1920x1080,Windows 11 Home,AMD Ryzen 5,NVIDIA GeForce GTX 1650,4,3.2,512,SSD,12990
18,Acer,Swift X SFX14-41G-R86R,1.39,32.28,21.2,1.79,14,IPS,1920x1080,Windows 10 Home,AMD Ryzen 7,NVIDIA GeForce RTX 3050,16,4.4,512,SSD,35990
19,Acer,Swift 3 SF314-57-32PH,1.19,31.9,21.5,1.5,14,IPS,1920x1080,Windows 10 Home,Intel Core i3,Intel UHD Graphics,4,3.4,256,SSD,16990
20,Acer,Swift 3 SF314-511-57PD,1.2,31.8,20.5,1.4,14,IPS,1920x1080,Windows 10 Home,Intel Core i5,Intel Iris Xe Graphics,8,4.2,512,SSD,25990
21,Acer,Nitro 5 AN515-57-99W3,2.2,36.34,25.5,2.39,15.6,IPS,2560x1440,Windows 11 Home,Intel Core i9,NVIDIA GeForce RTX 3070,16,4.9,1000,SSD,55990
22,Acer,Nitro 5 AN515-45-R4B1,2.2,36.34,25.5,2.39,15.6,IPS,1920x1080,Windows 11 Home,AMD Ryzen 7,NVIDIA GeForce RTX 3050,16,4.4,512,SSD,35990
23,Acer,Nitro 5 AN515-43-R0T3,2.2,36.3,25.2,2.49,15.6,IPS,1920x1080,Windows 10 Home,AMD Ryzen 7,NVIDIA GeForce GTX 1650,8,4,512,SSD,20990
24,Acer,Predator Helios 500 PH517-52-7290,3.9,42.8,29.8,3.87,17.3,IPS,2560x1440,Windows 11 Home,Intel Core i7,NVIDIA GeForce RTX 3070,32,4.6,1000,SSD,79990
25,Acer,ConceptD 3 CN316-73G-551S,1.7,35.9,24.9,1.8,16,IPS,1920x1080,Windows 11 Home,Intel Core i5,NVIDIA GeForce RTX 3050,8,4.5,512,SSD,47990
26,Acer,ConceptD 7 CN715-73G-76E6,2.54,35.85,25.5,1.79,15.6,IPS,3840x2160,Windows 11 Pro,Intel Core i7,NVIDIA GeForce RTX 3080,32,4.6,2000,SSD,125990
27,Acer,ConceptD 5 CN516-72P-73JA,2.4,40.35,28,2.47,16,IPS,3072x1920,Windows 11 Pro,Intel Core i7,NVIDIA RTX A3000,32,4.6,1000,SSD,89990
28,Acer,TravelMate TMP214-41-G2-R8VH,1.7,32.8,23.6,1.99,14,TN,1366x768,Windows 10 Pro,AMD Ryzen 5,AMD Radeon Graphics,8,4.2,256,SSD,21600
29,Acer,Chromebook Spin 11 R752TN-C56L,1.26,32.8,23.6,1.99,11.6,IPS,1366x768,Chrome OS,Intel Celeron,Intel UHD Graphics,4,2.8,64,eMMC,13900
30,Acer,Chromebook 11 C733-C52V,1.26,32.8,23.6,1.99,11.6,IPS,1366x768,Chrome OS,Intel Celeron,Intel UHD Graphics,4,2.6,32,eMMC,11000
31,Acer,Swift 3x SF314-510G-585F,1.37,32.8,21.5,1.4,14,IPS,1920x1080,Windows 11 Home,Intel Core i5,Intel Iris Xe Graphics,8,4.2,512,SSD,22990
32,Acer,Extensa EX215-32-C3CH,1.9,36.34,23.84,1.99,15.6,TN,1920x1080,ESHELL,Intel Celeron,Intel UHD Graphics,4,2.8,256,SSD,11200
33,Acer,Predator Triton 500 SE PT516-51s-7518,2.4,35.85,26.24,1.99,16,IPS,2560x1600,Windows 10 Home,Intel Core i7,NVIDIA GeForce RTX 3080,32,4.6,1000,SSD,81300
34,Acer,TravelMate Spin B3 TMB311R-31-A14PG,1.49,29,20.5,2,11.6,TN,1366x768,Windows 10 Pro,Intel Celeron,Intel UHD Graphics,4,2.8,64,eMMC,11990
35,Acer,TravelMate X5 TMX514-51-55NW,0.98,32.9,22.8,1.49,14,IPS,1920x1080,DOS,Intel Core i5,Intel UHD Graphics,8,3.9,256,SSD,18900
36,Acer,Swift 1 SF114-34-P8XZ,1.3,32.28,21.2,1.49,14,IPS,1920x1080,Windows 10 Home,Intel Pentium Silver,Intel UHD Graphics,4,3.3,256,SSD,14990
37,Acer,Porsche Design Acer Book RS-AP714-51GT-75JB,1.2,31.8,20.5,1.4,14,IPS,1920x1080,Windows 10 Home,Intel Core i7,NVIDIA GeForce MX350,16,4.7,1000,SSD,99990
38,Acer,ConceptD 7 Ezel CC715-71P-72D9,2.1,35.81,25.91,2.87,15.6,IPS,3840x2160,Windows 10 Pro,Intel Core i7,NVIDIA Quadro RTX 3000,32,5.1,1000,SSD,99900
39,Acer,Spin 1 SP111-34N-P6EL,1.25,29,20.5,1.4,11.6,IPS,1920x1080,Windows 10 Home,Intel Pentium Silver,Intel UHD Graphics,4,3.1,128,eMMC,13990
40,Acer,Predator Helios 700 PH717-72-900T,4.57,42.93,29.97,4.06,17.3,IPS,1920x1080,Windows 10 Home,Intel Core i9,NVIDIA GeForce RTX Super,64,5.3,2000,SSD,129900
41,ASUS,VivoBook S15 D533UA-BN702TS,1.8,35.98,23.38,1.61,15.6,TN,1920x1080,Windows 10 Home,AMD Ryzen 7,AMD Radeon Graphics,16,4.3,512,SSD,27900
42,ASUS,Vivobook 14 D413DA-EB003T,1.4,32.4,21.5,1.79,14,IPS,1920x1080,Windows 10 Home,AMD Ryzen,AMD Radeon Graphics,4,3.5,512,SSD,14990
43,ASUS,ZenBook 14 UX425EA-KI501TS,1.17,31.9,20.8,1.39,14,IPS,1920x1080,Windows 10 Home,Intel Core i5,Intel Iris Xe Graphics,8,4.2,512,SSD,28990
44,ASUS,TUF Gaming F15 FX506LH-BQ033T,2.3,35.9,25.6,2.49,15.6,IPS,1920x1080,Windows 10 Home,Intel Core i5,NVIDIA GeForce GTX 1650,8,4.5,512,SSD,21990
45,ASUS,Vivobook Flip 14 TP470EA-EC002TS,1.5,32.4,22,1.87,14,IPS,1920x1080,Windows 10 Home,Intel Core i3,Intel UHD Graphics,8,4.1,512,SSD,23990
46,ASUS,ExpertBook B9400CEA-KC0165T,1.01,32,20.3,1.49,14,IPS,1920x1080,Windows 10 Home,Intel Core i7,Intel Iris Xe Graphics,16,4.7,1000,SSD,42990
47,ASUS,ROG Flow X13 GV301QE-K5110TS,1.3,29.9,22.2,1.58,13.4,IPS,3840x2400,Windows 10 Home,AMD Ryzen 9,NVIDIA GeForce RTX 3050,32,4.6,1000,SSD,114990
48,ASUS,ROG Zephyrus G14 GA401QC-HZ045TS,1.6,32.4,22.2,1.79,14,IPS,1920x1080,Windows 10 Home,AMD Ryzen 7,NVIDIA GeForce RTX 3050,16,4.4,1000,SSD,36990
49,ASUS,TUF Gaming A17 FA706QM-HX034T,2.6,39.9,26.8,2.39,17.3,IPS,1920x1080,Windows 10 Home,AMD Ryzen 7,NVIDIA GeForce RTX 3060,16,4.4,512,SSD,37990
50,ASUS,ZenBook Pro Duo 15 UX582LR-H0701TS,2.34,35.98,24.92,2.15,15.6,IPS,3840x2160,Windows 10 Home,Intel Core i7,NVIDIA GeForce RTX 3070,32,5,1000,SSD,99990
51,ASUS,TUF Gaming Dash F15 FX516PE-HN004T,2,36,25.2,1.99,15.6,IPS,1920x1080,Windows 10 Home,Intel Core i5,NVIDIA GeForce RTX 3050,8,4.4,512,SSD,30990
52,ASUS,ROG Strix G15 GL543QE-HN040T,2.1,35.4,25.9,2.6,15.6,IPS,1920x1080,Windows 10 Home,AMD Ryzen 5,NVIDIA GeForce RTX 3050,16,4.2,512,SSD,32990
53,ASUS,ZenBook UX325EA-KG002TS,1.14,30.42,20.3,1.39,13.3,OLED,1920x1080,Windows 10 Home,Intel Core i5,Intel Iris Xe Graphics,8,4.2,512,SSD,31990
54,ASUS,ROG Strix Scar 17 G743QM-HG054T,2.7,39.5,28.2,2.83,17.3,IPS,1920x1080,Windows 10 Home,AMD Ryzen 7,NVIDIA GeForce RTX 3060,32,4.4,1000,SSD,54990
55,ASUS,ZenBook Duo UX482EA-HY003TS,1.57,32.4,22.2,1.69,14,IPS,1920x1080,Windows 10 Home,Intel Core i7,Intel Iris Xe Graphics,16,4.7,1000,SSD,45990
56,ASUS,ROG Zephyrus Duo 15 SE GX551QR-HF069T,2.48,36,26.8,2.09,15.6,IPS,1920x1080,Windows 10 Home,AMD Ryzen 9,NVIDIA GeForce RTX 3070,32,4.6,1000,SSD,89990
57,ASUS,Zephyrus G15 GA503QS-HQ012T,1.9,35.5,24.3,1.99,15.6,IPS,2560x1440,Windows 10 Home,AMD Ryzen 7,NVIDIA GeForce RTX 3080,16,4.4,1000,SSD,69900
58,ASUS,Vivobook 15 S533EA-BQ049TS,1.8,35.98,23.38,1.61,15.6,IPS,1920x1080,Windows 10 Home,Intel Core i5,Intel Iris Xe Graphics,8,4.2,512,SSD,25990
59,ASUS,ExpertBook P2451FA-BV0881R,1.5,32.53,23.29,1.99,14,TN,1366x768,Windows 10 Pro,Intel Core i5,Intel UHD Graphics,8,4.2,512,SSD,22290
60,ASUS,ZenBook 14 Ultralight UX435EAL-KC057TS,0.98,31.93,20.17,1.56,14,IPS,1920x1080,Windows 10 Home,Intel Core i7,Intel Iris Xe Graphics,16,4.7,512,SSD,37990
61,ASUS,ZenBook 13 UM425UA-AM002TS,1.22,31.9,21,1.53,14,IPS,1920x1080,Windows 10 Home,AMD Ryzen 7,AMD Radeon Graphics,16,4.3,512,SSD,30990
62,ASUS,ProArt StudioBook Pro X W730G5T-H8104R,2.5,38.2,26.5,3.02,16.4,IPS,1920x1080,Windows 10 Pro,Intel Xeon,NVIDIA Quadro RTX 3000,64,4.7,4000,SSD,144900
63,ASUS, ExpertBook B9 B9450FA-BM0377R,0.88,32.1,20.2,1.5,14,IPS,1920x1080,Windows 10 Pro,Intel Core i5,Intel UHD Graphics,8,4.2,512,SSD,35990
64,ASUS,ZenBook Flip 13 UX363EA-HP184TS,1.3,30.5,21.1,1.39,13.3,IPS,1920x1080,Windows 10 Home,Intel Core i5,Intel Iris Xe Graphics,8,4.2,512,SSD,32990
65,ASUS,ZenBook Flip S UX371EA-HL003TS,1.2,30.5,21.1,1.39,13.3,IPS,3840x2160,Windows 10 Home,Intel Core i7,Intel Iris Xe Graphics,16,4.7,1000,SSD,56990
66,ASUS,Vivobook 15 OLED S513EA-L1511WS,1.8,35.9,23.5,1.79,15.6,OLED,1920x1080,Windows 11 Home,Intel Core i5,Intel Iris Xe Graphics,8,4.2,512,SSD,26990
67,ASUS,ZenBook 15 UX533FN-A9076T,1.67,35.4,22,1.79,15.6,IPS,1920x1080,Windows 10 Home,Intel Core i7,NVIDIA GeForce MX150,8,4.6,512,SSD,35990
68,ASUS,ROG Zephyrus S GX502GW-AZ067T,1.99,36,25.5,1.89,15.6,IPS,1920x1080,Windows 10 Home,Intel Core i7,NVIDIA GeForce RTX 2070,16,4.5,512,SSD,59990
69,ASUS,ROG Strix Hero III G531GW-AZ202T,2.57,36,27.5,2.49,15.6,IPS,1920x1080,Windows 10 Home,Intel Core i9,NVIDIA GeForce RTX 2070,16,4.8,1000,SSD,74990
70,ASUS,ROG Strix G15 Advantage Edition GL543QY-HQ009T,2.5,35.4,25.9,2.72,15.6,IPS,2560x1440,Windows 10 Home,AMD Ryzen 9,AMD Radeon Graphics,16,4.6,1000,SSD,59990
71,DELL,Inspiron 3501-W56621500PBTHW10 Blue,1.83,36.4,24.9,1.99,15.6,TN,1920x1080,Windows 10 Home,Intel Core i3,Intel UHD Graphics,4,3.7,512,SSD,16990
72,DELL,Inspiron 3505-W566155260ATHW10 Blue,1.96,36.39,24.9,1.98,15.6,TN,1920x1080,Windows 10 Home,AMD Ryzen 3,AMD Radeon Graphics,8,3.5,256,SSD,14490
73,DELL,Inspiron 3501 Green-W566155331OPPTHW10,1.83,36.4,24.9,1.99,15.6,TN,1920x1080,Windows 10 Home,Intel Core i3,Intel UHD Graphics,4,3.4,256,SSD,14790
74,DELL,Inspiron 5301-W5661531007THW10 Silver,1.23,30.59,20.34,1.58,13.3,IPS,1920x1080,Windows 10 Home,Intel Core i7,NVIDIA GeForce MX350,8,4.7,512,SSD,33490
75,DELL,G3 15 3500-W56637200THAD Black,2.34,36.55,25.4,2.16,15.6,VA,1920x1080,Windows 10 Home,Intel Core i7,NVIDIA GeForce GTX 1660,16,5,512,SSD,38490
76,DELL,Gaming G15-W566312600TH Green,2.67,35.73,27.21,2.69,15.6,IPS,1920x1080,Windows 11 Home,Intel Core i7,NVIDIA GeForce RTX 3060,16,4.7,512,SSD,55900
77,DELL,Alienware m15 R5-W569212800ATHW10,2.69,35.62,27.25,2.28,15.6,IPS,2560x1440,Windows 10 Home,AMD Ryzen 7,NVIDIA GeForce RTX 3070,32,4.4,1000,SSD,94490
78,DELL,Inspiron 3515-W56625106ATHW10 Platinum Silver,1.69,35.85,23.55,1.89,15.6,IPS,1920x1080,Windows 11 Home,AMD Ryzen 7,AMD Radeon Graphics,8,4,512,SSD,25490
79,DELL,Vostro 3510-W568258070NTH Titan Grey,1.69,35.85,23.55,1.89,15.6,IPS,1920x1080,Windows 11 Home,Intel Core i7,NVIDIA GeForce MX350,8,4.7,512,SSD,32690
80,DELL,XPS 13 9310-W567213002TH,1.27,29.57,19.87,1.48,13.4,IPS,3840x2400,Windows 10 Home,Intel Core i7,Intel Iris Xe Graphics,16,5,512,SSD,81490
81,DELL,XPS 17 9710-W567217001TH Platinum Silver,2.53,37.44,24.8,1.31,17,IPS,3840x2400,Windows 10 Home,Intel Core i7,NVIDIA GeForce RTX 3050,16,4.6,1000,SSD,107990
82,DELL,Alienware m15 R6-W569211500THW10,2.69,35.62,27.25,2.28,15.6,IPS,1920x1080,Windows 10 Home,Intel Core i7,NVIDIA GeForce RTX 3060,16,4.6,512,SSD,69490
83,DELL,Inspiron G5-W56657400THW10 Black,2.34,36.55,25.4,2.45,15.6,IPS,1920x1080,Windows 10 Home,Intel Core i7,NVIDIA GeForce GTX 1650,16,5,512,SSD,34990
84,DELL,G5 15-W56656500THAD Black,2.65,36.44,25.4,2.65,15.6,VA,1920x1080,Windows 10 Home,Intel Core i7,NVIDIA GeForce RTX 2070,16,5,1000,SSD,54400
85,DELL,XPS 15 9500-W5671700THAD,2.05,34.47,23.01,1.8,15.6,VA,3840x2160,Windows 10 Home,Intel Core i7,NVIDIA GeForce GTX 1650,16,5,512,SSD,77990
86,DELL,XPS 17 9700-W5671300THAD,2.51,37.44,24.8,1.95,17,IPS,3840x2400,Windows 10 Home,Intel Core i7,NVIDIA GeForce GTX 1650,16,5,1000,SSD,99990
87,DELL,Inspiron 13 5391-W566051012PTHW10 Purple,1.24,30.7,20.4,1.49,13.3,IPS,1920x1080,Windows 10 Home,Intel Core i5,NVIDIA GeForce MX250,8,4.2,512,SSD,28990
88,DELL,G3 15 3590-W56605506THW10 White,2.35,36.5,25.4,2.16,15.6,IPS,1920x1080,Windows 10 Home,Intel Core i7,NVIDIA GeForce GTX 1660,8,4.5,512,SSD,37990
89,DELL,Inspiron 3501 Green-W56615304THW10,1.83,36.4,24.9,1.99,15.6,IPS,1920x1080,Windows 10 Home,Intel Core i7,NVIDIA GeForce MX330,8,4.7,512,SSD,26490
90,DELL,Inspiron 7400-W567154107THW10,1.35,32.16,22.45,1.67,14.5,IPS,2560x1600,Windows 10 Home,Intel Core i7,NVIDIA GeForce MX350,16,4.7,512,SSD,42400
91,DELL,Inspiron 14 5406 2-in-1-W5661545047BTHW10,1.55,32.25,22.19,1.79,14,IPS,1920x1080,Windows 10 Home,Intel Core i5,NVIDIA GeForce MX330,8,4.2,512,SSD,31900
92,DELL,XPS 13 7390 2-in-1-W5671900THW10,1.32,29.7,20.7,1.44,13.4,IPS,3840x2400,Windows 10 Home,Intel Core i7,Intel Iris Xe Graphics,16,4.7,512,SSD,62990
93,DELL,G5 15SE-W56657000ATHW10,2.5,36.44,25.4,2.65,15.6,IPS,1920x1080,Windows 10 Home,AMD Ryzen 9,AMD Radeon Graphics,16,4.4,512,SSD,29990
94,DELL,Alienware Area-51m R2-W56917001THW10,4.1,40.26,31.91,4.4,17.3,IPS,1920x1080,Windows 10 Home,Intel Core i7,NVIDIA GeForce RTX Super,32,5,1000,SSD,119990
95,DELL,Inspiron 15 3593-W566115305THW10,2.02,38,25.8,2.27,15.6,TN,1920x1080,Windows 10 Home,Intel Core i7,NVIDIA GeForce MX230,8,3.9,512,SSD,24990
96,DELL,G7 15 7590-W56701527033PTHW10,2.21,38,25.8,2.27,15.6,IPS,1920x1080,Windows 10 Home,Intel Core i7,NVIDIA GeForce RTX 2060,16,4.1,1000,SSD,49990
97,DELL,XPS 15 9510-W567215001TH,1.81,34.47,23.01,1.8,15.6,OLED,3456x2160,Windows 10 Home,Intel Core i7,NVIDIA GeForce RTX 3050,16,4.6,1000,SSD,92990
98,DELL,Inspiron 3501-W566155260BTHW10 Soft Mint,1.83,36.4,24.9,1.99,15.6,TN,1920x1080,Windows 10 Home,AMD Ryzen 3,AMD Radeon Graphics,4,3.5,256,SSD,15490
99,DELL,Inspiron 5410-W566215049THW10 Platinum Silver,1.5,32.2,21.14,1.79,14,VA,1920x1080,Windows 10 Home,Intel Core i7,NVIDIA GeForce MX350,16,4.7,512,SSD,38490
100,DELL,Inspiron 5515-W566215101THW10 Platinum Silver,1.64,35.61,22.89,1.8,15.6,VA,1920x1080,Windows 10 Home,AMD Ryzen 5,AMD Radeon Graphics,8,4,256,SSD,25190
101,HP, Envy Laptop 13-ba1529TU,1.31,30.65,19.46,1.69,13.3,IPS,1920x1080,Windows 11 Home,Intel Core i5,Intel Iris Xe Graphics,16,4.2,512,SSD,33990
102,HP, Envy Laptop 13-ba1530TU,1.31,30.65,19.46,1.69,13.3,IPS,1920x1080,Windows 11 Home,Intel Core i5,Intel Iris Xe Graphics,8,4.2,512,SSD,30990
103,HP,Pavilion Laptop 15-eg1020TU,1.74,36.02,23.4,1.79,15.6,IPS,1920x1080,Windows 11 Home,Intel Core i5,Intel Iris Xe Graphics,8,4.5,512,SSD,25990
104,HP,Pavilion Laptop 15-eh1119AU,1.75,36.02,23.4,1.79,15.6,IPS,1920x1080,Windows 11 Home,AMD Ryzen 7,AMD Radeon Graphics,8,4.3,512,SSD,25990
105,HP,Pavilion Laptop 15-eh1120AU,1.75,36.02,23.4,1.79,15.6,IPS,1920x1080,Windows 11 Home,AMD Ryzen 5,AMD Radeon Graphics,8,4,512,SSD,23490
106,HP,Pavilion Gaming 15-ec1117AX,1.98,36,25.7,2.35,15.6,IPS,1920x1080,Windows 10 Home,AMD Ryzen 5,AMD Radeon Graphics,8,4,512,SSD,24990
107,HP,Laptop 15s-du1534TU,1.74,35.85,24.2,1.99,15.6,TN,1366x768,Windows 11 Home,Intel Core i3,Intel UHD Graphics,8,4.1,256,SSD,18990
108,HP,Laptop 14s-fq0558AU,1.47,32.4,22.5,1.79,14,IPS,1920x1080,Windows 11 Home,AMD Athlon Gold,AMD Radeon Graphics,8,3.3,256,SSD,15990
109,HP,Laptop 15s-eq2168AU,1.69,35.85,24.2,1.79,15.6,IPS,1920x1080,Windows 11 Home,AMD Ryzen 3,AMD Radeon Graphics,8,3.8,256,SSD,18990
110,HP,Laptop 15s-du3587TU,1.75,35.85,24.2,1.99,15.6,IPS,1920x1080,Windows 11 Home,Intel Core i5,Intel Iris Xe Graphics,8,4.2,512,SSD,22990
111,HP,Laptop 15s-fq4045TU,1.69,35.85,24.2,1.79,15.6,IPS,1920x1080,Windows 11 Home,Intel Core i5,Intel Iris Xe Graphics,8,4.5,512,SSD,23490
112,HP,Laptop 15s-eq2166AU,1.69,35.85,24.2,1.79,15.6,IPS,1920x1080,Windows 11 Home,AMD Ryzen 5,AMD Radeon Graphics,16,4,512,SSD,23990
113,HP,Laptop 15s-fq4044TU,1.69,35.85,24.2,1.79,15.6,IPS,1920x1080,Windows 11 Home,Intel Core i5,Intel Iris Xe Graphics,16,4.5,512,SSD,25990
114,HP,OMEN Gaming Laptop 16-b0073TX,2.3,36.92,24.8,2.3,16.1,IPS,1920x1080,Windows 11 Home,Intel Core i7,NVIDIA GeForce RTX 3060,16,4.6,512,SSD,55990
115,HP,ZBook Firefly 14 G8 Mobile Workstation,1.35,32.3,21.46,1.79,14,IPS,1920x1080,Windows 10 Pro,Intel Core i7,Intel Iris Xe Graphics,16,4.7,512,SSD,54000
116,HP,EliteBook 840 G8 Notebook PC,1.32,32.34,21.46,1.79,14,IPS,1920x1080,Windows 10 Pro,Intel Core i7,Intel Iris Xe Graphics,8,4.7,512,SSD,42490
117,HP,EliteBook 840 G8 Notebook PC,1.32,32.34,21.46,1.79,14,IPS,1920x1080,Windows 10 Pro,Intel Core i5,Intel Iris Xe Graphics,8,4.2,512,SSD,37890
118,HP,ProBook 440 G8 Notebook PC,1.38,32.19,21.39,1.99,14,IPS,1920x1080,Windows 10 Pro,Intel Core i7,Intel Iris Xe Graphics,8,4.7,512,SSD,37190
119,HP,ProBook 440 G8 Notebook PC,1.38,32.19,21.39,1.99,14,IPS,1920x1080,Windows 10 Pro,Intel Core i5,Intel Iris Xe Graphics,8,4.2,512,SSD,32490
120,HP,ProBook 440 G8 Notebook PC,1.38,32.19,21.39,1.99,14,IPS,1920x1080,Windows 10 Pro,Intel Core i7,Intel Iris Xe Graphics,16,4.7,512,SSD,38326
121,HP,ProBook 440 G8 Notebook PC,1.38,32.19,21.39,1.99,14,IPS,1920x1080,Windows 10 Pro,Intel Core i5,Intel Iris Xe Graphics,8,4.2,1000,SSD,34790
122,HP,ProBook 635 Aero G8 Notebook PC,0.99,30.76,20.45,1.79,13.3,IPS,1920x1080,Windows 10 Pro,AMD Ryzen 5,AMD Radeon Graphics,16,4.2,512,SSD,41290
123,HP,ProBook 445 G8 Notebook PC,1.37,32.19,21.39,1.99,14,IPS,1920x1080,Windows 10 Pro,AMD Ryzen 5,AMD Radeon Graphics,8,4.2,512,SSD,33090
124,HP,ProBook 450 G8 Notebook PC,1.74,35.94,23.39,1.99,15.6,IPS,1920x1080,Windows 10 Pro,Intel Core i5,Intel Iris Xe Graphics,16,4.2,512,SSD,34790
125,HP,ProBook 640 G8 Notebook,1.38,32.19,21.39,1.99,14,IPS,1920x1080,Windows 10 Pro,Intel Core i5,Intel Iris Xe Graphics,8,4.2,256,SSD,33690
126,HP,ProBook 640 G8 Notebook,1.38,32.19,21.39,1.99,14,IPS,1920x1080,Windows 10 Pro,Intel Core i5,Intel Iris Xe Graphics,16,4.2,512,SSD,35990
127,HP,Victus Gaming 16-e0093AX,2.46,37,26,2.35,16.1,IPS,1920x1080,Windows 10 Home,AMD Ryzen 5,NVIDIA GeForce RTX 3060,8,4.2,512,SSD,32990
128,MSI,Modern 14 A10RB-675TH,1.19,32.2,22.2,1.59,14,IPS,1920x1080,Windows 10 Home,Intel Core i5,NVIDIA GeForce MX250,8,4.3,512,SSD,26900
129,MSI,Modern 14 B10MW-229TH,1.19,32.2,22.2,1.59,14,IPS,1920x1080,Windows 10 Home,Intel Core i7,Intel UHD Graphics,8,4.1,512,SSD,24990
130,MSI,Modern 14 B11M-674TH,1.3,31.9,21.9,1.69,14,IPS,1920x1080,Windows 10 Home,Intel Core i5,Intel UHD Graphics,8,4.5,512,SSD,19990
131,MSI,Modern 15 A10RAS-248TH,1.6,35.68,23.37,1.59,15.6,IPS,1920x1080,Windows 10 Home,Intel Core i7,NVIDIA GeForce MX330,8,4.1,512,SSD,28900
132,MSI,Modern 15 A10RB-008TH,1.6,35.68,23.37,1.59,15.6,IPS,1920x1080,Windows 10 Home,Intel Core i7,NVIDIA GeForce MX250,8,4.9,512,SSD,31900
133,MSI,Prestige 14 A10RAS-221TH,1.29,31.9,21.5,1.59,14,IPS,1920x1080,Windows 10 Home,Intel Core i7,NVIDIA GeForce MX330,16,4.1,512,SSD,38990
134,MSI,Prestige 14 A10RB-049TH,1.29,31.9,21.5,1.59,14,IPS,1920x1080,Windows 10 Home,Intel Core i7,NVIDIA GeForce MX250,16,4.11,512,SSD,36900
135,MSI,Prestige 15 A10SC-016TH,1.65,35.68,23.37,1.59,15.6,IPS,1920x1080,Windows 10 Home,Intel Core i7,NVIDIA GeForce GTX 1650,8,4.8,1000,SSD,47990
136,MSI,Prestige 15 A10SC-067TH,1.65,35.68,23.37,1.59,15.6,IPS,4096x2160,Windows 10 Home,Intel Core i7,NVIDIA GeForce GTX 1650,16,4.9,1000,SSD,59990
137,MSI,Alpha 15 A3DD-014TH,2.3,35.77,24.8,2.75,15.6,IPS,1920x1080,Windows 10 Home,AMD Ryzen 7,AMD Radeon Graphics,8,4,512,SSD,25900
138,MSI,Alpha 15 A3DD-231TH,2.3,35.77,24.8,2.75,15.6,IPS,1920x1080,Windows 10 Home,AMD Ryzen 5,AMD Radeon Graphics,8,3.7,512,SSD,23900
139,MSI,Alpha 15 A3DD-259TH,2.3,35.77,24.8,2.75,15.6,IPS,1920x1080,Windows 10 Home,AMD Ryzen 7,AMD Radeon Graphics,8,4,512,SSD,25900
140,MSI,Alpha 15 A3DD-266TH,2.3,35.77,24.8,2.75,15.6,IPS,1920x1080,Windows 10 Home,AMD Ryzen 7,AMD Radeon Graphics,8,4,512,SSD,25900
141,MSI,Bravo 15 A4DDR-037TH,1.96,35.9,25.4,2.3,15.6,IPS,1920x1080,Windows 10 Home,AMD Ryzen 7,AMD Radeon Graphics,8,4.2,512,SSD,32900
142,MSI,Bravo 15 A4DDR-038TH,1.96,35.9,25.4,2.3,15.6,IPS,1920x1080,Windows 10 Home,AMD Ryzen 5,AMD Radeon Graphics,8,4,512,SSD,29990
143,MSI,Bravo 15 A4DDR-099TH,2.3,35.77,24.8,2.75,15.6,IPS,1920x1080,Windows 10 Home,AMD Ryzen 7,AMD Radeon Graphics,8,4.2,512,SSD,34990
144,MSI,Bravo 15 A4DDR-201TH,2.3,35.77,24.8,2.75,15.6,IPS,1920x1080,Windows 10 Home,AMD Ryzen 5,AMD Radeon Graphics,8,4,512,SSD,29990
145,MSI,Bravo 17 A4DDK-076TH,2.3,35.77,24.8,2.75,17.3,IPS,1920x1080,Windows 10 Home,AMD Ryzen 7,AMD Radeon Graphics,8,4.2,512,SSD,37900
146,MSI,Bravo 17 A4DDK-077TH,2.3,35.77,24.8,2.75,17.3,IPS,1920x1080,Windows 10 Home,AMD Ryzen 7,AMD Radeon Graphics,8,4.2,512,SSD,35990
147,MSI,Delta15 A5EFK-019TH,1.9,35.7,24.7,1.9,15.6,IPS,1920x1080,Windows 10 Home,AMD Ryzen 9,AMD Radeon Graphics,16,4.8,1000,SSD,62990
148,MSI,GE66 Raider 10SF-015TH,2.38,35.8,26.7,2.34,15.6,IPS,1920x1080,Windows 10 Home,Intel Core i7,NVIDIA GeForce RTX2070,8,5,1000,SSD,65900
149,MSI,GE66 Raider 10SF-404TH,2.38,35.8,26.7,2.34,15.6,IPS,1920x1080,Windows 10 Home,Intel Core i7,NVIDIA GeForce RTX2070,8,5.1,1000,SSD,72900
150,MSI,GE66 Raider 10SFS-222TH,2.38,35.8,26.7,2.34,15.6,IPS,1920x1080,Windows 10 Home,Intel Core i9,NVIDIA GeForce RTX SUPER,16,5.3,1000,SSD,82900
151,MSI,GE66 Raider 10SFS-299TH,2.38,35.8,26.7,2.34,15.6,IPS,1920x1080,Windows 10 Home,Intel Core i9,NVIDIA GeForce RTX SUPER,16,5.3,1000,SSD,89900
152,MSI,GE66 Raider 10SGS-400TH,2.38,35.8,26.7,2.34,15.6,IPS,1920x1080,Windows 10 Home,Intel Core i9,NVIDIA GeForce RTX SUPER,16,5.3,1000,SSD,104900
153,MSI,GF63 Thin 10SC-831TH,1.86,35.9,25.4,2.17,15.6,IPS,1920x1080,Windows 11 Home,Intel Core i7,NVIDIA GeForce GTX 1650,8,5,512,SSD,26990
154,MSI,GF63 Thin 11SC-673TH,1.86,35.9,25.4,2.17,15.6,IPS,1920x1080,Windows 11 Home,Intel Core i5,NVIDIA GeForce GTX 1650,16,4.5,512,SSD,26900
155,MSI,GF66 Katana 11UE-263TH,2.25,35.9,25.9,2.49,15.6,IPS,1920x1080,Windows 10 Home,Intel Core i5,NVIDIA GeForce GTX 3060,16,4.5,512,SSD,33900
156,MSI,Katana GF76 12UC-008TH,2.6,39.8,27.3,2.52,17.3,IPS,3840x2160,Windows 11 Home,Intel Core i7,NVIDIA GeForce RTX 3050,8,4.7,512,SSD,45400
157,MSI,Crosshair 15 Rainbow Six Extraction Edition,2.47,35.9,25.9,2.69,15.6,IPS,2560x1440,Windows 11 Home,Intel Core i7,NVIDIA GeForce RTX 3070,32,4.7,1000,SSD,82400
158,MSI,GS66 Stealth 12UHS-088TH,2.1,35.83,24.8,1.83,15.6,IPS,3840x2160,Windows 11 Home,Intel Core i9,NVIDIA GeForce RTX 3080,64,5,2000,SSD,164990
159,Lenovo,ThinkPad X1 Extreme G4,1.81,35.95,25.38,1.77,16,IPS,2560x1600,Windows 10 Pro,Intel Core i7,NVIDIA GeForce RTX 3050,16,4.6,512,SSD,110490
160,Lenovo,ThinkPad L13 Gen 2,1.38,31.15,21.9,1.76,13.3,TN,1366x768,Windows 11 Home,Intel Core i3,Intel UHD Graphics,8,4.1,256,SSD,30190
161,Lenovo,ThinkPad L14 Gen 2,1.74,33.1,23.5,1.91,14,TN,1366x768,Windows 11 Home,Intel Core i5,Intel UHD Graphics,8,4.2,512,SSD,36790
162,Lenovo,T14 Gen 2,1.502,32.94,22.75,1.79,14,IPS,1920x1080,Windows 11 Home,AMD Ryzen 3,Intel Iris Xe Graphics,8,4,256,SSD,32890
163,Lenovo,ThinkPad T15 Gen 2,1.79,36.58,24.8,1.91,15.6,IPS,1920x1080,Windows 11 Home,Intel Core i5,Intel UHD Graphics,8,4.2,256,SSD,52880
164,Lenovo,V14,1.6,32.71,24.1,1.99,14,IPS,1920x1080,Windows 10 Home,Intel Pentium Sliver,Intel UHD Graphics,8,3.1,256,SSD,20390
165,Lenovo,IdeaPad Slim 3,1.85,36.22,25.34,1.99,15.6,TN,1920x1080,Windows 11 Home,AMD Ryzen 5,Intel UHD Graphics,4,4,1000,HDD,17790
166,Lenovo,ThinkPad P15v Gen 2,2.07,36.65,2.5,2.117,15.6,IPS,1920x1080,Windows 11 Home,Intel Core i5,NVIDIA T600,8,4.5,256,SSD,59990
167,Lenovo,ThinkPad L13 Gen 2,1.38,31.15,21.9,1.76,13.3,IPS,1920x1080,Windows 11 Home,AMD Ryzen 3,Intel UHD Graphics,8,4,256,SSD,32890
168,Lenovo,ThinkPad T15g Gen 2,2.87,37.54,25.23,2.45,15.6,IPS,1920x1080,Windows 10 Pro,Intel Core i7,NVIDIA GeForce RTX 3070,16,4.6,512,SSD,107990
169,Lenovo,IdeaPad Duet 3i,0.866,25.3,16.6,1.59,10.3,IPS,1920x1200,Windows 11 Home,Intel Pentium Sliver,Intel UHD Graphics,8,3.1,128,eMMC,21490
170,Lenovo,IdeaPad Flex 5,1.5,32.15,21.75,1.79,14,IPS,1920x1080,Windows 10 Home,AMD Ryzen 7,AMD Radeon Graphics,8,4.3,512,SSD,29990
171,Lenovo,IdeaPad Slim 1i,1.4,32.71,23.5,2.09,14,TN,1920x1080,Windows 10 Home,Intel Pentium Sliver,Intel UHD Graphics,4,3.1,256,SSD,13089
172,Lenovo,IdeaPad Slim 3i,1.65,35.92,23.65,1.99,15.6,TN,1920x1080,Windows 11 Home,Intel Core i3,NVIDIA GeForce MX450,4,4.1,1000,HDD,17390
173,Lenovo,IdeaPad Slim 3i,2.1,39.9,27.4,1.99,17.3,IPS,1920x1200,Windows 11 Home,Intel Core i3,NVIDIA GeForce MX450,4,4.1,1000,HDD,19490
174,Lenovo,Yoga Slim 7 Pro,1.35,31.24,22.14,1.46,14,VA,2880x1800,Windows 11 Home,AMD Ryzen 7,AMD Radeon Graphics,16,4.4,512,SSD,39890
175,Lenovo,ThinkBook 13x,1.13,29.8,20.9,1.29,13.3,IPS,2560x1600,Windows 10 Pro,Intel Core i5,Intel Iris Xe Graphics,16,4,512,SSD,41799
176,Lenovo,IdeaPad Gaming 3i,2.25,35.96,25.19,2.43,15.6,IPS,1920x1080,Windows 11 Home,Intel Core i5,NVIDIA GeForce RTX 3050,8,4.4,1000,SSD,46690
177,Lenovo,ThinkPad X1 Yoga Gen5,1.35,32.3,21.8,1.52,14,IPS,1920x1080,Windows 10 Pro,Intel Core i7,Intel UHD Graphics,16,4.9,512,SSD,91990
178,Lenovo,ThinkPad X13 Yoga Gen 2,1.2,30.5,21.39,1.54,13.3,IPS,1920x1200,Windows 10 Pro,Intel Core i5,Intel Iris Xe Graphics,16,4.2,512,SSD,70790
179,Lenovo,IdeaPad Flex 5i,2,35.76,23.79,1.79,15.6,IPS,1920x1080,Windows 10 Home,Intel Core i7,NVIDIA GeForce MX450,16,4.7,512,SSD,38690
180,Lenovo,ThinkPad L13 Yoga Gen 2,1.43,31.15,21.9,1.76,13.3,IPS,1920x1080,Windows 11 Home,AMD Ryzen 3,AMD Radeon Graphics,8,4,256,SSD,37290
181,Lenovo,Legion Slim 7,1.9,35.6,25.2,1.59,15.6,IPS,1920x1080,Windows 11 Home,AMD Ryzen 5,NVIDIA GeForce RTX 3050,8,4.2,512,SSD,50190
182,Lenovo,ThinkBook 15p Gen 2,1.9,35.9,24.95,1.99,15.6,IPS,3840x2160,Windows 11 Home,Intel Core i5,NVIDIA GeForce GTX 1650,8,4.5,512,SSD,55290
183,Lenovo,ThinkBook 15p,1.9,35.9,24.95,1.99,15.6,IPS,1920x1080,Windows 10 Pro,Intel Core i7,NVIDIA GeForce GTX 1650,16,5,1000,SSD,66090
184,Lenovo,IdeaPad L340 Gaming,2.2,36.3,25.46,2.39,15.6,IPS,1920x1080,Windows 10 Home,Intel Core i5,NVIDIA GeForce GTX 1650,8,4.1,512,SSD,20990
185,Lenovo,IdeaPad Slim 5i,1.85,35.74,23.31,1.99,15.6,IPS,1920x1080,Windows 11 Home,Intel Core i5,NVIDIA GeForce MX450,8,4.2,512,SSD,31190
186,Lenovo,Lenovo ThinkBook 15 Gen3,1.7,35.7,23.5,1.89,15.6,TN,1920x1080,Windows 11 Home,AMD Ryzen 7,AMD Radeon Graphics,8,4.3,256,SSD,27690
187,Huawei,MateBook X Pro 2020,1.33,30.4,21.7,1.46,13.9,IPS,3000x2000,Windows 10 Home,Intel Core i7,NVIDIA GeForce MX250,16,4.9,1000,SSD,52990
188,Huawei,MateBook 14s,1.43,31.38,22.97,1.67,14.2,IPS,2520x1680,Windows 10 Home,Intel Core i7,Intel Iris Xe Graphics,16,4.8,1000,SSD,40990
189,Huawei,MateBook 14 AMD 2021,1.49,30.75,22.38,1.59,14,IPS,2160x1440,Windows 11 Home,AMD Ryzen 5,AMD Radeon Graphics,16,4,512,SSD,29990
190,Huawei,MateBook 14 2020 AMD,1.49,30.75,22.38,1.59,14,IPS,2160x1440,Windows 10 Home,AMD Ryzen 5,AMD Radeon Graphics,8,4,512,SSD,27990
191,Huawei,MateBook D 14 2021,1.38,32.25,21.48,1.59,14,IPS,1920x1080,Windows 11 Home,Intel Core i5,Intel Iris Xe Graphics,8,4.2,512,SSD,24990
192,Huawei,MateBook D 15 2021,1.56,35.78,22.99,1.69,15.6,IPS,1920x1080,Windows 11 Home,Intel Core i5,Intel Iris Xe Graphics,8,4.2,256,SSD,22990
193,Huawei,MateBook 14 KelvinD-WDH9A,1.49,30.75,22.38,1.59,14,IPS,2160x1440,Windows 10 Home,Intel Core i5,Intel Iris Xe Graphics,8,4.2,512,SSD,30900
194,Huawei,MateBook D15 BOHRB-WAI9AQ,1.53,35.78,22.99,1.69,15.6,IPS,1920x1080,Windows 10 Home,Intel Core i3,Intel UHD Graphics,8,4.1,256,SSD,16990
195,Huawei,Matebook D15 BOHRB-WAH9A,1.53,35.78,22.99,1.69,15.6,IPS,1920x1080,Windows 10 Home,Intel Core i5,Intel UHD Graphics,8,4.2,256,SSD,18990
196,Huawei,MateBook 14 KelvinL-WDH9DQ,1.49,30.75,22.38,1.59,14,IPS,2160x1440,Windows 10 Home,AMD Ryzen 5,AMD Radeon Graphics,8,4,512,SSD,24280
197,Huawei,MateBook D14-Intel i5,1.38,32.25,21.48,1.59,14,IPS,1920x1080,Windows 10 Home,Intel Core i5,NVIDIA GeForce MX250,8,4.2,512,SSD,23990
198,Huawei,MateBook 14-Ryzen 5 2020,1.49,30.75,22.38,1.59,14,IPS,2160x1440,Windows 10 Home,AMD Ryzen 5,AMD Radeon Graphics,16,4,512,SSD,25990
199,Huawei,MateBook 14-Ryzen 7 2020,1.49,30.75,22.38,1.59,14,IPS,2160x1440,Windows 10 Home,AMD Ryzen 7,AMD Radeon Graphics,16,4.2,512,SSD,29990
200,Huawei,MateBook D15 BOHRD-WDH9DL,1.56,35.78,22.99,1.69,15.6,IPS,1920x1080,Windows 11 Home,Intel Core i5,Intel Iris Xe Graphics,8,4.2,512,SSD,24990
201,Apple,"Macbook Air 13"" Silver Key-Eng-7C GPU/8GB/1TB",1.29,30.41,21.24,1.61,13.3,IPS,2560x1600,macOS,Apple M1,Apple M1 7-Core GPU,8,3.2,1000,SSD,46900
202,Apple,"Macbook Air 13"" Silver Key-Eng-7C GPU/8GB/2TB",1.29,30.41,21.24,1.61,13.3,IPS,2560x1600,macOS,Apple M1,Apple M1 7-Core GPU,8,3.2,2000,SSD,60900
203,Apple,"Macbook Air 13"" Silver Key-Eng-8C GPU/8GB/2TB",1.29,30.41,21.24,1.61,13.3,IPS,2560x1600,macOS,Apple M1,Apple M1 8-Core GPU,8,3.2,2000,SSD,62400
204,Apple,MacBook Pro 14 Silver-16C GPU/16GB/512GB,1.6,31.26,22.12,1.55,14.2,IPS,3024x1964,macOS,Apple M1 Pro 10-Core,Apple M1 Pro 16-Core GPU,16,3.4,512,SSD,82900
205,Apple,MacBook Pro 14 Silver-16C GPU/16GB/4TB,1.6,31.26,22.12,1.55,14.2,IPS,3024x1964,macOS,Apple M1 Pro 10-Core,Apple M1 Pro 16-Core GPU,16,3.4,4000,SSD,124900
206,Apple,MacBook Pro 14 Silver-16C GPU/16GB/8TB,1.6,31.26,22.12,1.55,14.2,IPS,3024x1964,macOS,Apple M1 Pro 10-Core,Apple M1 Pro 16-Core GPU,16,3.4,8000,SSD,166900
207,Apple,MacBook Pro 16 Space Grey-32C GPU/32GB/4TB,2.2,35.57,24.81,1.68,16.2,IPS,3456x2234,macOS,Apple M1 Max,Apple M1 Max 32-Core GPU,32,4,4000,SSD,159900
208,Apple,MacBook Pro 16 Space Grey-32C GPU/32GB/8TB,2.2,35.57,24.81,1.68,16.2,IPS,3456x2234,macOS,Apple M1 Max,Apple M1 Max 32-Core GPU,32,4,8000,SSD,201900
209,Apple,MacBook Pro 16 Space Grey-16C GPU/16GB/2TB,2.1,35.57,24.81,1.68,16.2,IPS,3456x2234,macOS,Apple M1 Pro 10-Core,Apple M1 Pro 16-Core GPU,16,3.4,2000,SSD,110900
210,Apple,MacBook Pro 16 Space Grey-16C GPU/16GB/4TB,2.1,35.57,24.81,1.68,16.2,IPS,3456x2234,macOS,Apple M1 Pro 10-Core,Apple M1 Pro 16-Core GPU,16,3.4,4000,SSD,131900
211,Apple,MacBook Pro 16 Space Grey-16C GPU/16GB/8TB,2.1,35.57,24.81,1.68,16.2,IPS,3456x2234,macOS,Apple M1 Pro 10-Core,Apple M1 Pro 16-Core GPU,16,3.4,8000,SSD,173900
212,Acer,Aspire 5 A515-45-R2NQ,1.76,36.3,25.05,1.79,15.6,IPS,1920x1080,Windows 11 Home,AMD Ryzen 5,AMD Radeon Graphics,8,4,512,SSD,19990
213,Acer,Aspire 3 A315-23-R2ZJ,1.9,36.3,25,1.99,15.6,IPS,1920x1080,Windows 11 Home,AMD Ryzen 5,AMD Radeon Graphics,8,3.7,512,SSD,17990
214,Acer,Aspire 3 A315-23-R7K6,1.81,36.34,25.05,1.99,15.6,IPS,1920x1080,Windows 11 Home,AMD Ryzen 3,AMD Radeon Graphics,8,3.5,512,SSD,15090
215,Acer,Nitro 5 AN515-45-R0CJ,2.2,36.3,25.2,2.9,15.6,IPS,1920x1080,Windows 11 Home,AMD Ryzen 5,NVIDIA GeForce RTX 3050,16,4.2,512,SSD,32990
216,Acer,Nitro 5 AN515-45-R2MT,2.2,36.34,25.5,2.39,15.6,IPS,1920x1080,Windows 11 Home,AMD Ryzen 5,NVIDIA GeForce RTX 3050,8,4.2,512,SSD,29090
217,ASUS,TUF Gaming Dash F15 FX517ZE-HN007W,2,36,25.2,1.99,15.6,IPS,1920x1080,Windows 11 Home,Intel Core i7,NVIDIA GeForce RTX 3050,8,4.7,512,SSD,40990
218,ASUS,ROG Strix G17 G743ZS-LL019W,2.9,39.5,28.2,2.83,17.3,IPS,2560x1440,Windows 11 Home,Intel Core i9,NVIDIA GeForce RTX 3080,32,5,1000,SSD,102990
219,ASUS,TUF Gaming A15 FA507RR-HF005W,2.2,35.4,25.1,2.49,15.6,IPS,1920x1080,Windows 11 Home,AMD Ryzen 7,NVIDIA GeForce RTX 3070,16,4.7,1000,SSD,64990
220,ASUS,ROG Strix Scar 15 G543ZM-HF058W,2.3,35.4,25.9,2.72,15.6,IPS,1920x1080,Windows 11 Home,Intel Core i9,NVIDIA GeForce RTX 3060,16,5,1000,SSD,64990
221,ASUS,ROG Strix Scar 15 G543ZS-HF010W,2.3,35.4,25.9,2.72,15.6,IPS,1920x1080,Windows 11 Home,Intel Core i9,NVIDIA GeForce RTX 3080,32,5,1000,SSD,99990
222,DELL,Gaming G15-W566311000M2CTH Green,2.67,35.73,27.21,2.69,15.6,IPS,1920x1080,Windows 11 Home,Intel Core i5,NVIDIA GeForce RTX 3050,16,4.5,512,SSD,36900
223,DELL,Gaming G15-W566312600TH Green,2.67,35.73,27.21,2.69,15.6,IPS,1920x1080,Windows 11 Home,Intel Core i7,NVIDIA GeForce RTX 3060,16,4.7,512,SSD,55900
224,DELL,Latitude 3420-SNS3420011,1.52,32.6,22.6,1.76,14,TN,1920x1080,Windows 10 Pro,Intel Core i7,Intel Iris Xe Graphics,16,4.7,512,SSD,42400
225,DELL,Latitude 3420-SNS3420010,1.52,32.6,22.6,1.76,14,TN,1920x1080,Windows 10 Pro,Intel Core i5,Intel Iris Xe Graphics,8,4.2,512,SSD,32900
226,DELL,Latitude 5320-SNS5320004,1.2,30.57,20.75,1.69,13.3,IPS,1920x1080,Windows 10 Pro,Intel Core i5,Intel Iris Xe Graphics,16,4.2,512,SSD,39900
227,HP,Pavilion Laptop 15-eg1048TX,1.75,36.02,23.4,1.79,15.6,IPS,1920x1080,Windows 11 Home,Intel Core i7,NVIDIA GeForce MX450,8,5,512,SSD,33990
228,HP, Envy x360 Laptop 13-ba1529TU,1.3,30.65,19.46,1.64,13.3,IPS,1920x1080,Windows 11 Home,AMD Ryzen 5,AMD Radeon Graphics,8,4.2,512,SSD,33990
229,HP, Envy x360 Laptop 13-ay1029AU,1.3,30.65,19.46,1.64,13.3,IPS,1920x1080,Windows 11 Home,AMD Ryzen 7,AMD Radeon Graphics,16,4.4,512,SSD,38990
230,HP,Pavilion Laptop 15-eg0519TU,1.75,36.02,23.4,1.79,15.6,IPS,1920x1080,Windows 10 Home,Intel Core i3,Intel UHD Graphics,8,3.7,512,SSD,23990
231,HP, Envy Laptop 13-ba1516TX,1.31,25.65,14.46,1.4,13.3,IPS,1920x1080,Windows 10 Home,Intel Core i7,NVIDIA GeForce MX450,16,4.7,1000,SSD,43990
232,MSI,GP66 Leopard 11UG-629TH,2.38,35.8,26.7,2.34,15.6,IPS,1920x1080,Windows 10 Home,Intel Core i7,NVIDIA GeForce RTX 3070,32,4.6,1000,SSD,72990
233,MSI,Modern 15 A5M-278TH,1.6,35.68,23.37,1.59,15.6,IPS,1920x1080,Windows 11 Home,AMD Ryzen 5,AMD Radeon Graphics,16,4,512,SSD,22990
234,MSI,GF76 Katana 12UD-010TH,2.6,39.8,27.3,2.52,17.3,IPS,1920x1080,Windows 11 Home,Intel Core i7,NVIDIA GeForce RTX 3050,16,4.7,512,SSD,47490
235,MSI,GS66 Stealth 12UGS-254TH,2.1,35.83,24.8,1.98,15.6,IPS,3840x2160,Windows 11 Home,Intel Core i9,NVIDIA GeForce RTX 3070,32,5,1000,SSD,109990
236,MSI,GF66 Katana 12UE-274TH,2.25,35.9,25.9,2.49,15.6,IPS,1920x1200,Windows 11 Home,Intel Core i7,NVIDIA GeForce RTX 3060,16,4.7,512,SSD,54490
237,Lenovo,Legion 5 Pro 16ITH6H-82JD00CYTA,2.3,35.6,26.42,2.61,16,IPS,2560x1600,Windows 11 Home,Intel Core i7,NVIDIA GeForce RTX 3070,32,4.6,1000,SSD,69990
238,Lenovo,IdeaPad 1 15IJL7-82LX0034TA,1.45,36.02,23.6,1.79,15.6,TN,1920x1080,Windows 11 Home,Intel Pentium Sliver,Intel UHD Graphics,4,3.3,256,SSD,14990
239,Lenovo,IdeaPad Slim 5 15ALC05-82LN00F4TA,1.66,35.67,23.31,1.99,15.6,IPS,1920x1080,Windows 11 Home,AMD Ryzen 5,AMD Radeon Graphics,8,4,512,SSD,23490
240,Lenovo,Legion 5 15ACH6H-82NW0030TA,2.4,36.25,26.06,2.57,15.6,IPS,2560x1440,Windows 11 Home,AMD Ryzen 7,AMD Radeon Graphics,16,4.4,512,SSD,44990
241,Lenovo,IdeaPad Slim 5 Pro 14ACN6-82L700K7TA,1.45,31.22,22.1,1.79,14,IPS,2560x1440,Windows 11 Home,AMD Ryzen 7,AMD Radeon Graphics,16,4.4,512,SSD,29990
242,Huawei,MateBook 13-I5,1.3,28.6,21.1,1.49,13,IPS,2160x1440,Windows 10 Home,Intel Core i5,NVIDIA GeForce MX150,8,3.9,256,SSD,29990
243,Huawei,MateBook 13-I7,1.3,28.6,21.1,1.49,13,IPS,2160x1440,Windows 10 Home,Intel Core i7,NVIDIA GeForce MX150,8,4.6,512,SSD,37990
244,Huawei,Matebook D15-R7,1.53,35.7,22.9,1.69,15.6,IPS,1920x1080,Windows 10 Home,AMD Ryzen 7,AMD Radeon Graphics,8,4,512,SSD,19990
245,Huawei,MateBook D14-Intel i7 2020,1.38,32.2,21.4,1.59,14,IPS,1920x1080,Windows 10 Home,Intel Core i7,NVIDIA GeForce MX250,16,4.8,512,SSD,29990
,,,,,,,,,,,,,,,,,
,,,,,,,,,,,,,,,,,
,,,,,,,,,,,,,,,,,
,,,,,,,,,,,,,,,,,
,,,,,,,,,,,,,,,,,
,,,,,,,,,,,,,,,,,
,,,,,,,,,,,,,,,,,
,,,,,,,,,,,,,,,,,
,,,,,,,,,,,,,,,,,
,,,,,,,,,,,,,,,,,
,,,,,,,,,,,,,,,,,
,,,,,,,,,,,,,,,,,
,,,,,,,,,,,,,,,,,
,,,,,,,,,,,,,,,,,
,,,,,,,,,,,,,,,,,
,,,,,,,,,,,,,,,,,
,,,,,,,,,,,,,,,,,
,,,,,,,,,,,,,,,,,
,,,,,,,,,,,,,,,,,
,,,,,,,,,,,,,,,,,
,,,,,,,,,,,,,,,,,
,,,,,,,,,,,,,,,,,
,,,,,,,,,,,,,,,,,
,,,,,,,,,,,,,,,,,
,,,,,,,,,,,,,,,,,
,,,,,,,,,,,,,,,,,
,,,,,,,,,,,,,,,,,
,,,,,,,,,,,,,,,,,
,,,,,,,,,,,,,,,,,
,,,,,,,,,,,,,,,,,
,,,,,,,,,,,,,,,,,
,,,,,,,,,,,,,,,,,
,,,,,,,,,,,,,,,,,
,,,,,,,,,,,,,,,,,
,,,,,,,,,,,,,,,,,
,,,,,,,,,,,,,,,,,
,,,,,,,,,,,,,,,,,
,,,,,,,,,,,,,,,,,
,,,,,,,,,,,,,,,,,
,,,,,,,,,,,,,,,,,
,,,,,,,,,,,,,,,,,
,,,,,,,,,,,,,,,,,
,,,,,,,,,,,,,,,,,
,,,,,,,,,,,,,,,,,
,,,,,,,,,,,,,,,,,
,,,,,,,,,,,,,,,,,
,,,,,,,,,,,,,,,,,
,,,,,,,,,,,,,,,,,
,,,,,,,,,,,,,,,,,
,,,,,,,,,,,,,,,,,
,,,,,,,,,,,,,,,,,
,,,,,,,,,,,,,,,,,
,,,,,,,,,,,,,,,,,
,,,,,,,,,,,,,,,,,
,,,,,,,,,,,,,,,,,
,,,,,,,,,,,,,,,,,
,,,,,,,,,,,,,,,,,
,,,,,,,,,,,,,,,,,
,,,,,,,,,,,,,,,,,
,,,,,,,,,,,,,,,,,
,,,,,,,,,,,,,,,,,
,,,,,,,,,,,,,,,,,
,,,,,,,,,,,,,,,,,
,,,,,,,,,,,,,,,,,
,,,,,,,,,,,,,,,,,
,,,,,,,,,,,,,,,,,
,,,,,,,,,,,,,,,,,
,,,,,,,,,,,,,,,,,
,,,,,,,,,,,,,,,,,
,,,,,,,,,,,,,,,,,
,,,,,,,,,,,,,,,,,
,,,,,,,,,,,,,,,,,
,,,,,,,,,,,,,,,,,
,,,,,,,,,,,,,,,,,
,,,,,,,,,,,,,,,,,
,,,,,,,,,,,,,,,,,
,,,,,,,,,,,,,,,,,
,,,,,,,,,,,,,,,,,
,,,,,,,,,,,,,,,,,
,,,,,,,,,,,,,,,,,
,,,,,,,,,,,,,,,,,
,,,,,,,,,,,,,,,,,
,,,,,,,,,,,,,,,,,
,,,,,,,,,,,,,,,,,
,,,,,,,,,,,,,,,,,
,,,,,,,,,,,,,,,,,
,,,,,,,,,,,,,,,,,
,,,,,,,,,,,,,,,,,
,,,,,,,,,,,,,,,,,
,,,,,,,,,,,,,,,,,
,,,,,,,,,,,,,,,,,
,,,,,,,,,,,,,,,,,
,,,,,,,,,,,,,,,,,
,,,,,,,,,,,,,,,,,
,,,,,,,,,,,,,,,,,
,,,,,,,,,,,,,,,,,
,,,,,,,,,,,,,,,,,
,,,,,,,,,,,,,,,,,
,,,,,,,,,,,,,,,,,
,,,,,,,,,,,,,,,,,
